<?xml version="1.0" encoding="UTF-8" ?>
<!DOCTYPE mapper PUBLIC "-//mybatis.org//DTD Mapper 3.0//EN" "http://mybatis.org/dtd/mybatis-3-mapper.dtd">

<mapper
	namespace="com.khj.exam.demo.repository.ArticleRepository">
	<insert id="writeArticle">
		INSERT INTO article
		SET regDate = NOW(),
		updateDate = NOW(),
		boardId = #{boardId},
		memberId = #{memberId},
		title = #{title},
		`body` = #{body}
	</insert>

	<select id="getLastInsertId" resultType="int">
		SELECT LAST_INSERT_ID()
	</select>

	<delete id="deleteArticle">
		DELETE
		FROM article
		WHERE id = #{id}
	</delete>

	<update id="modifyArticle">
		UPDATE article
		<set>
			<if test="title != null and title != ''">
				title = #{title},
			</if>
			<if test="body != null and body != ''">
				`body` = #{body},
			</if>
			updateDate = NOW()
		</set>
		WHERE id = #{id}
	</update>
</mapper> 